Date,Open,High,Low,Close,Adj Close,Volume,ticker
2020-01-02,86.90839385986328,87.91984558105469,86.23091888427734,87.82442474365234,77.97512817382812,8251428,MRK
2020-01-03,86.52671813964844,87.8530502319336,86.364501953125,87.07061004638672,77.30586242675781,5903698,MRK
2020-01-06,87.05152893066406,87.53816986083984,86.82251739501953,87.4427490234375,77.63624572753906,7522963,MRK
2020-01-07,86.64122009277344,86.94656372070312,85.03816986083984,85.114501953125,75.5691146850586,11132275,MRK
2020-01-08,85.0095443725586,85.40076446533203,84.36068725585938,84.54198455810547,75.06080627441406,15200506,MRK
2020-01-09,84.8759536743164,85.92557525634766,84.71373748779297,85.28626251220703,75.72162628173828,9714750,MRK
2020-01-10,85.61068725585938,85.98282623291016,85.3530502319336,85.42938995361328,75.84868621826172,5945304,MRK
2020-01-13,85.41984558105469,85.52481079101562,84.9427490234375,85.4103012084961,75.83174133300781,10261492,MRK
2020-01-14,85.1812973022461,85.81106567382812,84.79962158203125,85.81106567382812,76.18756103515625,8625669,MRK
2020-01-15,85.97328186035156,87.41412353515625,85.96373748779297,87.34732818603516,77.55155181884766,9614038,MRK
2020-01-16,87.65267181396484,87.84351348876953,86.87976837158203,87.00381469726562,77.2465591430664,7252474,MRK
2020-01-17,87.09923553466797,87.4332046508789,86.69847106933594,86.80343627929688,77.06865692138672,10131226,MRK
2020-01-21,86.56488800048828,86.80343627929688,85.60114288330078,85.84923553466797,76.2214584350586,10022129,MRK
2020-01-22,86.04007720947266,86.3167953491211,85.51526641845703,85.54389190673828,75.95036315917969,7800474,MRK
2020-01-23,85.55343627929688,85.55343627929688,84.21755981445312,84.50381469726562,75.02690887451172,13198093,MRK
2020-01-24,84.57061004638672,84.7614517211914,81.6603012084961,82.04198455810547,72.84119415283203,14954960,MRK
2020-01-27,81.2022933959961,82.5477066040039,80.83015441894531,82.15648651123047,72.94282531738281,10847534,MRK
2020-01-28,82.48091888427734,82.7385482788086,81.96565246582031,82.29962158203125,73.06993103027344,9496347,MRK
2020-01-29,82.63359069824219,84.12213897705078,82.47137451171875,83.24427795410156,73.90863800048828,8511227,MRK
2020-01-30,82.96755981445312,83.13931274414062,82.25190734863281,82.53816986083984,73.2817153930664,11016471,MRK
2020-01-31,82.42366027832031,82.70037841796875,81.10687255859375,81.52671813964844,72.38369750976562,9621583,MRK
2020-02-03,82.09923553466797,84.17938995361328,82.09923553466797,83.3396987915039,73.99336242675781,9729318,MRK
2020-02-04,84.37976837158203,85.114501953125,84.02671813964844,84.31298065185547,74.85747528076172,15091305,MRK
2020-02-05,80.80152893066406,82.76717376708984,80.15267181396484,81.89885711669922,72.71409606933594,29290133,MRK
2020-02-06,82.08015441894531,82.28053283691406,81.35496520996094,81.75572204589844,72.5870132446289,16110170,MRK
2020-02-07,81.95610809326172,82.00381469726562,80.94465637207031,81.1832046508789,72.0787124633789,11419427,MRK
2020-02-10,81.1832046508789,82.04198455810547,81.04962158203125,81.73664093017578,72.57007598876953,10590983,MRK
2020-02-11,81.92748260498047,82.06106567382812,81.05915832519531,81.34542083740234,72.22273254394531,10252689,MRK
2020-02-12,81.14503479003906,81.32633972167969,79.1030502319336,79.43701934814453,70.52835845947266,19630926,MRK
2020-02-13,79.13167572021484,79.13167572021484,77.71946716308594,78.21565246582031,69.44395446777344,19388734,MRK
2020-02-14,78.46373748779297,79.00763702392578,77.92938995361328,78.864501953125,70.02003479003906,8743464,MRK
2020-02-18,79.08396911621094,79.30343627929688,78.49236297607422,78.6832046508789,69.85908508300781,10017308,MRK
2020-02-19,79.27481079101562,79.30343627929688,77.83396911621094,78.24427795410156,69.4693832397461,11740220,MRK
2020-02-20,78.4542007446289,79.03626251220703,77.97709655761719,78.71183013916016,69.8844985961914,10941330,MRK
2020-02-21,78.42557525634766,78.84542083740234,77.96755981445312,78.5687026977539,69.75743103027344,9295970,MRK
2020-02-24,76.91793823242188,78.8072509765625,76.87976837158203,77.60496520996094,68.90176391601562,13734145,MRK
2020-02-25,77.7957992553711,78.18701934814453,76.1927490234375,76.59351348876953,68.00374603271484,13171683,MRK
2020-02-26,76.96565246582031,77.89122009277344,76.11640930175781,76.27862548828125,67.72417449951172,11940283,MRK
2020-02-27,77.01335906982422,78.00572204589844,74.42748260498047,74.50381469726562,66.14839935302734,15734253,MRK
2020-02-28,73.16793823242188,73.94084167480469,70.78244018554688,73.05343627929688,64.86065673828125,29246117,MRK
2020-03-02,73.59732818603516,77.81488800048828,73.54962158203125,77.64312744140625,68.93566131591797,18840525,MRK
2020-03-03,77.6717529296875,78.6259536743164,74.34160614013672,75.50572204589844,67.0379409790039,17394599,MRK
2020-03-04,77.76717376708984,79.26526641845703,76.22137451171875,79.16984558105469,70.29113006591797,20224199,MRK
2020-03-05,77.7957992553711,78.97901153564453,77.23282623291016,77.84351348876953,69.11356353759766,15017840,MRK
2020-03-06,76.3072509765625,78.83587646484375,75.79198455810547,78.43511199951172,69.63880157470703,14208574,MRK
2020-03-09,74.42748260498047,77.02290344238281,73.46373748779297,75.34351348876953,66.89391326904297,18942810,MRK
2020-03-10,76.79389190673828,78.41603088378906,73.95037841796875,78.26335906982422,69.48632049560547,17527486,MRK
2020-03-11,76.17366027832031,76.4885482788086,74.45610809326172,75.62023162841797,67.13960266113281,14274179,MRK
2020-03-12,70.99236297607422,74.48473358154297,69.90457916259766,71.04007720947266,63.07311248779297,22664782,MRK
2020-03-13,72.72901153564453,73.6927490234375,68.95037841796875,73.23473358154297,65.55877685546875,25857094,MRK
2020-03-16,67.52862548828125,72.60496520996094,64.0457992553711,66.71755981445312,59.72470474243164,20808354,MRK
2020-03-17,68.36832427978516,72.58587646484375,68.11068725585938,71.0687026977539,63.619789123535156,24745795,MRK
2020-03-18,68.17748260498047,71.2404556274414,65.67748260498047,68.34923553466797,61.185367584228516,18558508,MRK
2020-03-19,68.08206176757812,69.52290344238281,65.75381469726562,67.4904556274414,60.416587829589844,19268738,MRK
2020-03-20,66.364501953125,69.17938995361328,65.36259460449219,68.09160614013672,60.954734802246094,23075912,MRK
2020-03-23,67.05152893066406,68.33015441894531,62.261451721191406,63.35877990722656,56.71796798706055,18375003,MRK
2020-03-24,65.83015441894531,66.55534362792969,64.11259460449219,65.88740539550781,58.98155975341797,19901939,MRK
2020-03-25,65.27671813964844,67.15648651123047,63.6927490234375,65.09542083740234,58.27257537841797,18311494,MRK
2020-03-26,65.01908111572266,70.78244018554688,64.98091888427734,70.16221618652344,62.80830764770508,18052848,MRK
2020-03-27,68.5114517211914,70.0667953491211,67.98664093017578,68.44465637207031,61.2707633972168,12467218,MRK
2020-03-30,70.24809265136719,74.03626251220703,69.54198455810547,73.42557525634766,65.72962188720703,15803316,MRK
2020-03-31,72.75763702392578,74.0457992553711,72.06106567382812,73.41603088378906,65.72107696533203,15079672,MRK
2020-04-01,71.2404556274414,72.01335906982422,69.6469497680664,70.41984558105469,63.038936614990234,11665288,MRK
2020-04-02,72.5,73.58778381347656,70.63931274414062,73.34923553466797,65.66128540039062,12843345,MRK
2020-04-03,72.78626251220703,73.89312744140625,71.87023162841797,72.75763702392578,65.13169860839844,10039211,MRK
2020-04-06,74.74236297607422,77.1469497680664,74.33206176757812,76.63167572021484,68.59968566894531,14314108,MRK
2020-04-07,77.93893432617188,78.21565246582031,74.80915832519531,74.96183013916016,67.1048583984375,10657950,MRK
2020-04-08,75.55343627929688,79.19847106933594,74.75190734863281,77.88167572021484,69.71865844726562,11481888,MRK
2020-04-09,77.4522933959961,79.47518920898438,76.50763702392578,78.71183013916016,70.46180725097656,13876568,MRK
2020-04-13,78.07251739501953,78.6927490234375,76.17366027832031,76.85114288330078,68.79615020751953,7706678,MRK
2020-04-14,78.55915832519531,79.38931274414062,77.03244018554688,79.0457992553711,70.76078033447266,12155333,MRK
2020-04-15,77.5095443725586,79.1603012084961,76.87023162841797,78.31106567382812,70.10305786132812,10809072,MRK
2020-04-16,78.864501953125,79.51335906982422,78.49236297607422,79.19847106933594,70.89744567871094,9145058,MRK
2020-04-17,80.10496520996094,80.30534362792969,78.66412353515625,79.63740539550781,71.2903823852539,15433162,MRK
2020-04-20,79.02671813964844,80.27671813964844,77.06106567382812,79.29389190673828,70.98287200927734,11675768,MRK
2020-04-21,77.88167572021484,78.53053283691406,74.62786102294922,74.96183013916016,67.1048583984375,17876574,MRK
2020-04-22,75.57251739501953,76.95610809326172,75.21946716308594,76.3167953491211,68.31781768798828,11933890,MRK
2020-04-23,76.51717376708984,78.12976837158203,76.49809265136719,77.17557525634766,69.08658599853516,8152497,MRK
2020-04-24,77.86259460449219,78.3396987915039,77.30915832519531,77.70037841796875,69.55636596679688,7686451,MRK
2020-04-27,77.5095443725586,80.79198455810547,77.12786102294922,80.13359069824219,71.73456573486328,12786753,MRK
2020-04-28,77.46183013916016,78.46373748779297,76.49809265136719,77.46183013916016,69.34283447265625,20273560,MRK
2020-04-29,78.42557525634766,78.42557525634766,75.4103012084961,77.07061004638672,68.99262237548828,13687194,MRK
2020-04-30,76.16412353515625,76.71755981445312,75.51526641845703,75.70610809326172,67.77113342285156,11638878,MRK
2020-05-01,75.24809265136719,75.24809265136719,73.40648651123047,74.11259460449219,66.34465026855469,9518565,MRK
2020-05-04,74.44656372070312,74.45610809326172,72.72901153564453,73.3396987915039,65.65274047851562,8850255,MRK
2020-05-05,73.71183013916016,75.19084167480469,73.25381469726562,74.43701934814453,66.63506317138672,7401395,MRK
2020-05-06,74.7614517211914,75.03816986083984,73.54962158203125,73.58778381347656,65.87483215332031,12414922,MRK
2020-05-07,73.47328186035156,73.58778381347656,71.97518920898438,72.13740539550781,64.57647705078125,12602410,MRK
2020-05-08,72.99618530273438,73.43511199951172,72.4904556274414,72.90076446533203,65.25983428955078,8791672,MRK
2020-05-11,72.5477066040039,74.49427795410156,72.4427490234375,74.34160614013672,66.54965209960938,10622528,MRK
2020-05-12,74.57061004638672,75.09542083740234,73.58778381347656,73.65457916259766,65.93463134765625,9544660,MRK
2020-05-13,73.14885711669922,75.19084167480469,73.07251739501953,74.32251739501953,66.5325698852539,10935146,MRK
2020-05-14,73.7404556274414,76.45992279052734,73.72137451171875,76.38359069824219,68.37760162353516,11407585,MRK
2020-05-15,76.44084167480469,76.86068725585938,75.21946716308594,76.1259536743164,68.14697265625,9367234,MRK
2020-05-18,77.29007720947266,77.29007720947266,75.60114288330078,76.0687026977539,68.0957260131836,12552630,MRK
2020-05-19,75.83015441894531,76.0782470703125,73.8072509765625,73.99809265136719,66.24213409423828,10591822,MRK
2020-05-20,74.45610809326172,74.65648651123047,73.16793823242188,73.36832427978516,65.67838287353516,11027685,MRK
2020-05-21,73.24427795410156,73.50190734863281,72.77671813964844,73.04389190673828,65.38794708251953,9000329,MRK
2020-05-22,72.6812973022461,73.14885711669922,72.58587646484375,72.87213897705078,65.23419952392578,6357482,MRK
2020-05-26,74.67557525634766,75.0,73.38740539550781,73.72137451171875,65.99442291259766,19146017,MRK
2020-05-27,73.47328186035156,74.08396911621094,72.51908111572266,73.99809265136719,66.24213409423828,12828987,MRK
2020-05-28,75.0,76.61259460449219,74.91412353515625,75.41984558105469,67.51488494873047,13180906,MRK
2020-05-29,75.82061004638672,77.23282623291016,74.72328186035156,77.02290344238281,68.94990539550781,13517104,MRK
2020-06-01,76.50763702392578,76.77481079101562,75.50572204589844,75.91603088378906,67.95904541015625,6269241,MRK
2020-06-02,75.8969497680664,77.15648651123047,75.21946716308594,77.13740539550781,69.05242919921875,11352984,MRK
2020-06-03,77.29007720947266,78.5782470703125,77.15648651123047,78.30152893066406,70.09452819824219,13675457,MRK
2020-06-04,77.5477066040039,78.3969497680664,77.13740539550781,77.81488800048828,69.65888977050781,9292930,MRK
2020-06-05,78.34923553466797,79.32251739501953,77.75763702392578,78.49236297607422,70.2653579711914,10413347,MRK
2020-06-08,77.4332046508789,79.38931274414062,77.4332046508789,79.1030502319336,70.81202697753906,9956838,MRK
2020-06-09,79.37976837158203,79.68511199951172,78.35877990722656,78.49236297607422,70.2653579711914,8846168,MRK
2020-06-10,78.66412353515625,78.9885482788086,77.28053283691406,78.02481079101562,69.8468246459961,9080920,MRK
2020-06-11,77.10877990722656,77.91984558105469,73.8072509765625,73.8072509765625,66.07128143310547,14303838,MRK
2020-06-12,74.32251739501953,74.36068725585938,72.01335906982422,72.80534362792969,65.69246673583984,17000656,MRK
2020-06-15,71.47901153564453,71.91793823242188,70.20037841796875,70.62976837158203,63.729461669921875,17684162,MRK
2020-06-16,71.92748260498047,73.864501953125,71.40267181396484,73.44465637207031,66.26933288574219,21437050,MRK
2020-06-17,73.8167953491211,73.90267181396484,72.16603088378906,72.7957992553711,65.6838607788086,13983045,MRK
2020-06-18,72.16603088378906,72.78626251220703,71.90839385986328,72.72901153564453,65.62358856201172,7750903,MRK
2020-06-19,73.59732818603516,74.40839385986328,72.33778381347656,74.33206176757812,67.0700454711914,17691393,MRK
2020-06-22,73.82633972167969,74.07442474365234,72.92938995361328,73.23473358154297,66.07991027832031,7474231,MRK
2020-06-23,73.95037841796875,75.01908111572266,73.36832427978516,73.58778381347656,66.3984603881836,11428650,MRK
2020-06-24,73.21565246582031,73.36832427978516,71.99427795410156,72.39503479003906,65.32225799560547,8084901,MRK
2020-06-25,72.18511199951172,73.43511199951172,71.86068725585938,73.06298065185547,65.92494201660156,7583328,MRK
2020-06-26,72.8530502319336,73.21565246582031,71.56488800048828,71.74618530273438,64.73680114746094,12328882,MRK
2020-06-29,72.42366027832031,73.00572204589844,72.06106567382812,72.63359069824219,65.53749084472656,7230990,MRK
2020-06-30,73.23473358154297,74.1030502319336,72.70992279052734,73.78816986083984,66.57928466796875,9940804,MRK
2020-07-01,73.88359069824219,75.32442474365234,73.58778381347656,74.54198455810547,67.25944519042969,9948769,MRK
2020-07-02,74.97137451171875,75.67748260498047,74.63740539550781,75.1717529296875,67.82769775390625,6827825,MRK
2020-07-06,75.61068725585938,76.35496520996094,75.28626251220703,75.93511199951172,68.5164794921875,8058282,MRK
2020-07-07,75.38167572021484,76.03053283691406,74.9904556274414,75.114501953125,67.77603912353516,6956414,MRK
2020-07-08,75.02862548828125,75.34351348876953,73.9312973022461,74.35114288330078,67.0872573852539,8211394,MRK
2020-07-09,74.37023162841797,74.7614517211914,72.5572509765625,73.17748260498047,66.02825164794922,7966058,MRK
2020-07-10,73.23473358154297,73.8072509765625,72.90076446533203,73.21565246582031,66.06269073486328,5161400,MRK
2020-07-13,73.47328186035156,74.98091888427734,73.21565246582031,73.8072509765625,66.59648132324219,8114245,MRK
2020-07-14,73.9885482788086,75.0095443725586,73.8167953491211,74.66603088378906,67.37138366699219,8397100,MRK
2020-07-15,75.61068725585938,76.3072509765625,75.22901153564453,75.80152893066406,68.39593505859375,7709717,MRK
2020-07-16,76.1259536743164,76.15457916259766,75.14312744140625,75.76335906982422,68.36149597167969,5850774,MRK
2020-07-17,76.0687026977539,76.57442474365234,75.67748260498047,76.21183013916016,68.76615142822266,8191378,MRK
2020-07-20,76.21183013916016,76.52671813964844,75.44847106933594,75.77290344238281,68.37010955810547,5434194,MRK
2020-07-21,76.0687026977539,76.45037841796875,75.1812973022461,75.27671813964844,67.92240142822266,8967526,MRK
2020-07-22,75.68701934814453,76.10687255859375,74.44656372070312,75.1717529296875,67.82769775390625,12362103,MRK
2020-07-23,75.52481079101562,75.57251739501953,73.95992279052734,74.48473358154297,67.20779418945312,11558916,MRK
2020-07-24,74.28434753417969,74.41793823242188,72.86259460449219,73.5687026977539,66.3812484741211,9068763,MRK
2020-07-27,72.9103012084961,75.51526641845703,72.81488800048828,75.31488800048828,67.95684814453125,10958307,MRK
2020-07-28,75.56298065185547,76.53626251220703,75.3530502319336,76.04007720947266,68.61117553710938,8494564,MRK
2020-07-29,75.62023162841797,76.08778381347656,75.13359069824219,75.71565246582031,68.31845092773438,6398040,MRK
2020-07-30,75.1240463256836,75.64885711669922,74.07442474365234,75.37213897705078,68.00849151611328,7152600,MRK
2020-07-31,77.18511199951172,77.93893432617188,75.52481079101562,76.56488800048828,69.08473205566406,12291154,MRK
2020-08-03,78.38740539550781,79.96183013916016,78.11068725585938,78.7595443725586,71.06494903564453,10601463,MRK
2020-08-04,78.76908111572266,78.76908111572266,77.35687255859375,77.92938995361328,70.31591033935547,7218729,MRK
2020-08-05,78.31106567382812,78.6927490234375,77.4332046508789,77.90076446533203,70.29010772705078,6492465,MRK
2020-08-06,77.72901153564453,78.61640930175781,76.88931274414062,77.33778381347656,69.78211975097656,7256562,MRK
2020-08-07,77.0896987915039,77.30915832519531,76.364501953125,77.30915832519531,69.75627136230469,6977584,MRK
2020-08-10,77.29962158203125,77.4904556274414,76.62213897705078,77.2042007446289,69.66156768798828,5782445,MRK
2020-08-11,78.00572204589844,78.12023162841797,76.93701934814453,77.2042007446289,69.66156768798828,7636671,MRK
2020-08-12,77.64312744140625,79.11259460449219,77.614501953125,78.89312744140625,71.18549346923828,7295652,MRK
2020-08-13,78.36832427978516,79.79962158203125,78.25381469726562,79.71373748779297,71.92593383789062,7455262,MRK
2020-08-14,79.56106567382812,80.56298065185547,79.36068725585938,79.65648651123047,71.87428283691406,7390496,MRK
2020-08-17,80.41984558105469,81.27862548828125,80.16221618652344,80.87786102294922,72.976318359375,8764319,MRK
2020-08-18,81.00190734863281,81.11640930175781,79.9332046508789,80.68701934814453,72.80413055419922,6551572,MRK
2020-08-19,80.68701934814453,81.78434753417969,80.68701934814453,81.135498046875,73.20879364013672,6896050,MRK
2020-08-20,80.91603088378906,81.40267181396484,80.52481079101562,81.135498046875,73.20879364013672,6380434,MRK
2020-08-21,81.2022933959961,81.27862548828125,80.26717376708984,81.08778381347656,73.16573333740234,6890495,MRK
2020-08-24,81.2977066040039,81.55534362792969,80.61068725585938,81.50763702392578,73.5445785522461,7582280,MRK
2020-08-25,81.97518920898438,82.33778381347656,81.2977066040039,81.75572204589844,73.76842498779297,10245982,MRK
2020-08-26,81.40267181396484,81.75572204589844,80.78244018554688,81.62213897705078,73.64788818359375,7844175,MRK
2020-08-27,81.53626251220703,82.21373748779297,81.1832046508789,81.88931274414062,73.88896942138672,6464902,MRK
2020-08-28,81.94656372070312,81.94656372070312,81.02098846435547,81.72709655761719,73.74261474609375,6134049,MRK
2020-08-31,81.67938995361328,81.99427795410156,81.2404556274414,81.364501953125,73.41543579101562,7929273,MRK
2020-09-01,81.44084167480469,81.87023162841797,80.07633972167969,80.56298065185547,72.69220733642578,6797433,MRK
2020-09-02,80.61068725585938,83.21565246582031,80.4103012084961,82.94847106933594,74.84465026855469,11571597,MRK
2020-09-03,83.67366027832031,83.77862548828125,81.04962158203125,81.57442474365234,73.6048355102539,12983672,MRK
2020-09-04,81.63167572021484,82.9103012084961,80.39122009277344,81.33587646484375,73.38959503173828,9359688,MRK
2020-09-08,82.00381469726562,82.00381469726562,79.19847106933594,79.51335906982422,71.7451400756836,9095592,MRK
2020-09-09,79.9332046508789,81.88931274414062,79.8282470703125,80.99236297607422,73.07964324951172,8862307,MRK
2020-09-10,80.84923553466797,80.99236297607422,79.46565246582031,79.74236297607422,71.9517593383789,6907578,MRK
2020-09-11,80.0,80.99236297607422,79.9427490234375,80.61068725585938,72.73526000976562,7171254,MRK
2020-09-14,80.34351348876953,81.2022933959961,79.89503479003906,80.30534362792969,72.98675537109375,8575994,MRK
2020-09-15,80.84923553466797,81.26908111572266,79.8187026977539,80.3530502319336,73.03010559082031,10826678,MRK
2020-09-16,80.62976837158203,82.15648651123047,80.62976837158203,81.65076446533203,74.20954895019531,10380230,MRK
2020-09-17,81.46946716308594,81.84160614013672,80.58206176757812,81.71755981445312,74.27027893066406,8090455,MRK
2020-09-18,81.65076446533203,82.34732818603516,81.04962158203125,81.87976837158203,74.41769409179688,12308446,MRK
2020-09-21,81.03053283691406,81.4312973022461,78.33015441894531,79.32251739501953,72.093505859375,10445311,MRK
2020-09-22,79.29389190673828,79.74236297607422,78.43511199951172,79.14122009277344,71.92871856689453,8143170,MRK
2020-09-23,79.28434753417969,79.98091888427734,78.7977066040039,78.84542083740234,71.65988159179688,7085842,MRK
2020-09-24,78.3396987915039,79.65648651123047,78.10114288330078,79.34160614013672,72.11083221435547,7844280,MRK
2020-09-25,78.38740539550781,79.42748260498047,78.05343627929688,79.13167572021484,71.92005157470703,6932101,MRK
2020-09-28,79.38931274414062,79.86640930175781,78.77862548828125,78.96946716308594,71.77262878417969,6123674,MRK
2020-09-29,78.89312744140625,79.34160614013672,77.95801544189453,78.14885711669922,71.02680206298828,6742413,MRK
2020-09-30,78.49236297607422,79.50381469726562,78.26335906982422,79.15076446533203,71.93740844726562,11593605,MRK
2020-10-01,79.37023162841797,79.52290344238281,77.52862548828125,77.90076446533203,70.80133819580078,8410305,MRK
2020-10-02,77.09923553466797,77.99618530273438,76.76526641845703,77.09923553466797,70.07283782958984,5255406,MRK
2020-10-05,77.5095443725586,77.80534362792969,76.92748260498047,77.51908111572266,70.45442199707031,8807182,MRK
2020-10-06,77.41412353515625,77.42366027832031,75.87786102294922,75.98282623291016,69.05817413330078,10273230,MRK
2020-10-07,76.4217529296875,76.66984558105469,75.86832427978516,76.3740463256836,69.41374206542969,9845226,MRK
2020-10-08,76.70801544189453,78.08206176757812,76.4885482788086,76.79389190673828,69.79531860351562,9217160,MRK
2020-10-09,77.17557525634766,77.36640930175781,76.38359069824219,76.67938995361328,69.69125366210938,5956098,MRK
2020-10-12,76.82251739501953,77.02290344238281,76.25,76.67938995361328,69.69125366210938,8276370,MRK
2020-10-13,76.62213897705078,77.22328186035156,76.3740463256836,77.01335906982422,69.99478912353516,9125774,MRK
2020-10-14,77.1469497680664,77.22328186035156,76.40267181396484,76.82251739501953,69.82132720947266,9166122,MRK
2020-10-15,76.14503479003906,76.27862548828125,75.1717529296875,75.43893432617188,68.56385040283203,9151974,MRK
2020-10-16,75.66793823242188,76.62213897705078,75.48664093017578,76.17366027832031,69.23162078857422,7903492,MRK
2020-10-19,76.45037841796875,76.80343627929688,74.74236297607422,75.0667953491211,68.22561645507812,8614455,MRK
2020-10-20,75.3530502319336,75.3530502319336,74.50381469726562,74.68511199951172,67.87871551513672,11144746,MRK
2020-10-21,74.67557525634766,75.2385482788086,74.45610809326172,74.49427795410156,67.70527648925781,9689808,MRK
2020-10-22,74.52290344238281,75.81106567382812,74.52290344238281,75.58206176757812,68.69392395019531,6075990,MRK
2020-10-23,75.62976837158203,76.92748260498047,75.62976837158203,76.17366027832031,69.23162078857422,7309381,MRK
2020-10-26,75.69656372070312,76.14503479003906,74.67557525634766,75.22901153564453,68.37305450439453,9122840,MRK
2020-10-27,75.31488800048828,76.55534362792969,74.41793823242188,74.41793823242188,67.6358871459961,12241374,MRK
2020-10-28,73.59732818603516,74.16984558105469,72.53816986083984,72.69084167480469,66.06620025634766,8989954,MRK
2020-10-29,72.6812973022461,73.08206176757812,71.25,72.41412353515625,65.814697265625,9314310,MRK
2020-10-30,71.92748260498047,72.41412353515625,70.55343627929688,71.76526641845703,65.2249755859375,11096748,MRK
2020-11-02,72.94847106933594,73.3396987915039,72.17557525634766,73.19656372070312,66.52584075927734,8145475,MRK
2020-11-03,73.9217529296875,74.6469497680664,73.24427795410156,73.3969497680664,66.70795440673828,7693578,MRK
2020-11-04,76.27862548828125,79.09351348876953,75.8969497680664,76.92748260498047,69.9167251586914,14731422,MRK
2020-11-05,78.30152893066406,79.1030502319336,76.75572204589844,76.77481079101562,69.77796936035156,9277210,MRK
2020-11-06,75.81106567382812,77.42366027832031,75.81106567382812,76.67938995361328,69.69125366210938,6945515,MRK
2020-11-09,80.8969497680664,81.26908111572266,76.66984558105469,76.81298065185547,69.81267547607422,11184046,MRK
2020-11-10,78.03434753417969,78.27290344238281,77.29962158203125,77.39503479003906,70.3416748046875,8593914,MRK
2020-11-11,78.12023162841797,78.12023162841797,76.89885711669922,77.34732818603516,70.2983169555664,5741678,MRK
2020-11-12,76.86068725585938,77.29007720947266,75.4103012084961,76.2022933959961,69.25763702392578,7464799,MRK
2020-11-13,76.56488800048828,78.10114288330078,76.0687026977539,77.3759536743164,70.32432556152344,7694206,MRK
2020-11-16,77.5095443725586,78.13931274414062,76.04962158203125,76.50763702392578,69.53515625,9503474,MRK
2020-11-17,77.34732818603516,78.20610809326172,76.72709655761719,77.76717376708984,70.67990112304688,9509133,MRK
2020-11-18,77.70037841796875,78.21565246582031,76.55534362792969,76.57442474365234,69.59586334228516,8678174,MRK
2020-11-19,77.07061004638672,77.07061004638672,75.69656372070312,76.70801544189453,69.71726989746094,7037110,MRK
2020-11-20,76.78434753417969,77.10877990722656,76.0782470703125,76.76526641845703,69.76930236816406,8415440,MRK
2020-11-23,76.91793823242188,77.4427490234375,75.74427795410156,76.6030502319336,69.62186431884766,9498548,MRK
2020-11-24,76.35496520996094,77.18511199951172,76.02098846435547,76.46946716308594,69.50045013427734,12790840,MRK
2020-11-25,76.46946716308594,76.77481079101562,75.9542007446289,76.39312744140625,69.43107604980469,6023590,MRK
2020-11-27,76.62213897705078,76.98473358154297,75.91603088378906,76.2022933959961,69.25763702392578,5644528,MRK
2020-11-30,76.33587646484375,76.85114288330078,75.77290344238281,76.70801544189453,69.71726989746094,14501910,MRK
2020-12-01,77.24236297607422,78.6832046508789,77.11832427978516,77.81488800048828,70.7232666015625,10166543,MRK
2020-12-02,78.18701934814453,78.95037841796875,77.5667953491211,78.08206176757812,70.96609497070312,7165805,MRK
2020-12-03,78.18701934814453,78.21565246582031,77.11832427978516,77.71946716308594,70.63653564453125,7085109,MRK
2020-12-04,77.42366027832031,78.20610809326172,77.39503479003906,78.18701934814453,71.06146240234375,8651554,MRK
2020-12-07,78.30152893066406,79.6469497680664,78.29198455810547,78.73091888427734,71.55581665039062,8829190,MRK
2020-12-08,78.52098846435547,79.90457916259766,78.49236297607422,79.37023162841797,72.13687133789062,8664969,MRK
2020-12-09,79.98091888427734,80.03816986083984,78.7595443725586,79.6469497680664,72.38836669921875,7168320,MRK
2020-12-10,79.8282470703125,80.09542083740234,78.9312973022461,79.18893432617188,71.97209930419922,7349205,MRK
2020-12-11,79.05534362792969,79.59923553466797,78.7404556274414,79.1603012084961,71.9460678100586,7979158,MRK
2020-12-14,78.84542083740234,79.27481079101562,76.3740463256836,76.64122009277344,70.20663452148438,13139300,MRK
2020-12-15,76.81298065185547,77.3282470703125,76.33587646484375,76.79389190673828,70.34648132324219,10087838,MRK
2020-12-16,76.6030502319336,77.05152893066406,76.00190734863281,76.17366027832031,69.77833557128906,9487649,MRK
2020-12-17,76.70801544189453,76.87023162841797,76.03053283691406,76.16412353515625,69.76958465576172,11710038,MRK
2020-12-18,76.05915832519531,76.50763702392578,74.85687255859375,75.88740539550781,69.51610565185547,33161759,MRK
2020-12-21,75.19084167480469,75.69656372070312,74.17938995361328,75.65839385986328,69.30632019042969,11140764,MRK
2020-12-22,75.37213897705078,76.32633972167969,74.65648651123047,75.78244018554688,69.4199447631836,9052414,MRK
2020-12-23,75.94465637207031,76.74618530273438,75.92557525634766,76.10687255859375,69.71714782714844,6056078,MRK
2020-12-24,76.33587646484375,76.74618530273438,76.21183013916016,76.46946716308594,70.04930114746094,2957456,MRK
2020-12-28,76.95610809326172,77.42366027832031,76.45992279052734,76.76526641845703,70.32026672363281,4804242,MRK
2020-12-29,77.09923553466797,77.8530502319336,77.06106567382812,77.69084167480469,71.16812896728516,5708037,MRK
2020-12-30,77.91984558105469,77.98664093017578,76.85114288330078,76.89885711669922,70.44263458251953,5933357,MRK
2020-12-31,76.94656372070312,78.18701934814453,76.69847106933594,78.05343627929688,71.50027465820312,5511118,MRK
2021-01-04,78.24427795410156,78.33015441894531,76.22137451171875,77.25190734863281,70.76605224609375,10502637,MRK
2021-01-05,76.97518920898438,77.6717529296875,76.25,77.385498046875,70.88844299316406,10956526,MRK
2021-01-06,76.88931274414062,78.95037841796875,76.63167572021484,78.60687255859375,72.00726318359375,10521396,MRK
2021-01-07,78.76908111572266,80.50572204589844,78.31106567382812,80.1717529296875,73.44075775146484,10447931,MRK
2021-01-08,80.50572204589844,80.50572204589844,78.76908111572266,79.22709655761719,72.5754165649414,9563105,MRK
2021-01-11,79.67557525634766,81.67938995361328,79.43701934814453,81.10687255859375,74.29736328125,13488179,MRK
2021-01-12,81.22137451171875,81.2404556274414,78.76908111572266,79.28434753417969,72.62785339355469,10128606,MRK
2021-01-13,79.55152893066406,79.55152893066406,78.4542007446289,78.5687026977539,71.9722900390625,10093812,MRK
2021-01-14,78.64503479003906,79.00763702392578,78.12976837158203,78.40648651123047,71.82369232177734,11366398,MRK
2021-01-15,78.09160614013672,79.67557525634766,77.82442474365234,79.56106567382812,72.88134002685547,10203538,MRK
2021-01-19,79.74236297607422,80.0572509765625,78.8740463256836,79.37976837158203,72.71526336669922,8467316,MRK
2021-01-20,79.43701934814453,79.72328186035156,78.50190734863281,78.6832046508789,72.07718658447266,11097901,MRK
2021-01-21,78.06298065185547,78.53053283691406,77.25190734863281,77.46183013916016,70.9583511352539,9043716,MRK
2021-01-22,77.18511199951172,77.70037841796875,77.06106567382812,77.27098846435547,70.78352355957031,9436926,MRK
2021-01-25,77.01335906982422,77.47137451171875,76.39312744140625,77.4332046508789,70.93212127685547,9957677,MRK
2021-01-26,77.4332046508789,77.4332046508789,76.45992279052734,76.57442474365234,70.14546203613281,7748283,MRK
2021-01-27,76.2022933959961,76.40267181396484,73.32061004638672,73.54007720947266,67.36585998535156,16230376,MRK
2021-01-28,73.54962158203125,74.91412353515625,73.54007720947266,74.35114288330078,68.10883331298828,12972039,MRK
2021-01-29,74.41793823242188,74.78053283691406,72.89122009277344,73.54007720947266,67.36585998535156,10671470,MRK
2021-02-01,74.41793823242188,74.74236297607422,73.7977066040039,73.8167953491211,67.61933898925781,8224599,MRK
2021-02-02,74.22709655761719,75.30534362792969,74.14122009277344,74.20801544189453,67.97772216796875,9866710,MRK
2021-02-03,74.08396911621094,74.57061004638672,73.61640930175781,73.77862548828125,67.58438110351562,10034810,MRK
2021-02-04,73.44465637207031,73.48282623291016,72.08015441894531,72.5477066040039,66.45680236816406,18867563,MRK
2021-02-05,72.92938995361328,73.4542007446289,71.95610809326172,72.3282470703125,66.2557601928711,13901825,MRK
2021-02-08,72.3759536743164,72.70037841796875,71.2404556274414,71.6030502319336,65.5914535522461,16718534,MRK
2021-02-09,71.6603012084961,71.72709655761719,70.9542007446289,71.6030502319336,65.5914535522461,13484616,MRK
2021-02-10,71.87023162841797,71.92748260498047,71.1259536743164,71.45992279052734,65.46034240722656,11721566,MRK
2021-02-11,71.38359069824219,71.6603012084961,70.83015441894531,71.3167953491211,65.3292465209961,8780982,MRK
2021-02-12,71.2977066040039,71.66984558105469,71.1259536743164,71.56488800048828,65.55648803710938,6738116,MRK
2021-02-16,71.91793823242188,71.97518920898438,70.65839385986328,70.84923553466797,64.90093231201172,9734453,MRK
2021-02-17,71.04962158203125,72.57633972167969,70.96373748779297,72.08015441894531,66.02850341796875,13876463,MRK
2021-02-18,71.82251739501953,72.40457916259766,71.6030502319336,71.95610809326172,65.91486358642578,10004627,MRK
2021-02-19,71.98473358154297,72.05152893066406,70.85877990722656,70.90648651123047,64.953369140625,12388198,MRK
2021-02-22,71.08778381347656,71.62213897705078,70.3530502319336,71.49809265136719,65.49530792236328,8612464,MRK
2021-02-23,71.84160614013672,72.48091888427734,71.04962158203125,71.1259536743164,65.15441131591797,10900458,MRK
2021-02-24,71.3740463256836,71.82251739501953,70.98282623291016,71.15457916259766,65.18063354492188,9838834,MRK
2021-02-25,70.81106567382812,71.56488800048828,70.68701934814453,71.2022933959961,65.22434997558594,10906955,MRK
2021-02-26,71.03053283691406,71.28816986083984,69.21755981445312,69.29389190673828,63.476173400878906,17644862,MRK
2021-03-01,69.85687255859375,70.02862548828125,68.8740463256836,69.06488800048828,63.26639938354492,12594864,MRK
2021-03-02,69.50381469726562,70.1240463256836,69.08396911621094,69.51335906982422,63.67720413208008,16047290,MRK
2021-03-03,69.48473358154297,70.3530502319336,69.1030502319336,69.9427490234375,64.07054901123047,13939972,MRK
2021-03-04,69.8282470703125,69.96183013916016,68.43511199951172,68.864501953125,63.08282470703125,15975188,MRK
2021-03-05,69.18893432617188,70.0477066040039,68.71183013916016,69.78053283691406,63.92195129394531,12241164,MRK
2021-03-08,70.96373748779297,72.09923553466797,70.03816986083984,70.77290344238281,64.83100128173828,15391347,MRK
2021-03-09,71.14503479003906,72.00381469726562,70.73473358154297,70.74427795410156,64.8047866821289,14189920,MRK
2021-03-10,71.33587646484375,71.78434753417969,70.70610809326172,71.33587646484375,65.34671783447266,12827310,MRK
2021-03-11,71.45992279052734,71.90839385986328,71.17366027832031,71.21183013916016,65.23307800292969,13205324,MRK
2021-03-12,70.63931274414062,71.45992279052734,70.60114288330078,71.1832046508789,65.77977752685547,11493940,MRK
2021-03-15,72.04198455810547,73.05343627929688,71.64122009277344,72.7385482788086,67.21705627441406,17999295,MRK
2021-03-16,72.66221618652344,73.635498046875,72.65267181396484,73.29198455810547,67.72847747802734,15697887,MRK
2021-03-17,73.21565246582031,73.95037841796875,72.4904556274414,73.7595443725586,68.16056060791016,17533878,MRK
2021-03-18,73.72137451171875,74.60877990722656,73.67366027832031,73.73091888427734,68.13409423828125,14274179,MRK
2021-03-19,73.71183013916016,74.66603088378906,72.53816986083984,73.95992279052734,68.3457260131836,58225203,MRK
2021-03-22,72.3282470703125,74.42748260498047,72.08015441894531,73.95992279052734,68.3457260131836,11352879,MRK
2021-03-23,73.55915832519531,73.77862548828125,72.5477066040039,72.77671813964844,67.25232696533203,11651245,MRK
2021-03-24,72.58587646484375,73.16793823242188,72.4332046508789,72.74809265136719,67.22587585449219,9135416,MRK
2021-03-25,72.91984558105469,73.10114288330078,71.86068725585938,72.58587646484375,67.07597351074219,10700918,MRK
2021-03-26,72.66221618652344,73.9217529296875,72.3759536743164,73.84542083740234,68.23990631103516,10389767,MRK
2021-03-29,73.77862548828125,74.9522933959961,73.635498046875,74.71373748779297,69.04231262207031,11448562,MRK
2021-03-30,74.42748260498047,74.50381469726562,73.27290344238281,73.43511199951172,67.86073303222656,10123366,MRK
2021-03-31,73.5687026977539,74.13167572021484,73.12976837158203,73.55915832519531,67.97537231445312,13598219,MRK
2021-04-01,73.6259536743164,73.91221618652344,73.30152893066406,73.55915832519531,67.97537231445312,9121373,MRK
2021-04-05,73.96946716308594,74.34160614013672,73.26335906982422,73.47328186035156,67.89601135253906,9828144,MRK
2021-04-06,73.38740539550781,73.41603088378906,72.17557525634766,72.3187026977539,66.82907104492188,13394698,MRK
2021-04-07,72.59542083740234,72.90076446533203,72.25190734863281,72.63359069824219,67.12004852294922,8970566,MRK
2021-04-08,72.59542083740234,72.90076446533203,71.83206176757812,72.03244018554688,66.56454467773438,12007984,MRK
2021-04-09,72.05152893066406,72.88167572021484,71.97518920898438,72.81488800048828,67.28759765625,8177439,MRK
2021-04-12,72.87213897705078,73.09160614013672,72.5,72.72901153564453,67.20824432373047,9970672,MRK
2021-04-13,72.4904556274414,73.24427795410156,72.39503479003906,72.92938995361328,67.39341735839844,8627346,MRK
2021-04-14,72.80534362792969,73.27290344238281,72.53816986083984,72.90076446533203,67.36695861816406,8415545,MRK
2021-04-15,72.5667953491211,73.78816986083984,72.5667953491211,73.14885711669922,67.59622192382812,14541734,MRK
2021-04-16,73.71183013916016,74.18893432617188,73.30152893066406,73.9217529296875,68.3104476928711,12512806,MRK
2021-04-19,74.14122009277344,74.22709655761719,73.44465637207031,74.1030502319336,68.47798156738281,8536903,MRK
2021-04-20,74.12213897705078,75.51526641845703,74.12213897705078,74.97137451171875,69.28038787841797,11009345,MRK
2021-04-21,75.31488800048828,75.84923553466797,75.0667953491211,75.60114288330078,69.86235809326172,11817248,MRK
2021-04-22,75.38167572021484,75.43893432617188,74.00763702392578,74.38931274414062,68.74250793457031,13330560,MRK
2021-04-23,74.29389190673828,74.61832427978516,73.91221618652344,74.31298065185547,68.67198181152344,8598840,MRK
2021-04-26,74.29389190673828,74.34160614013672,73.7595443725586,73.97901153564453,68.36335754394531,7834219,MRK
2021-04-27,73.8740463256836,74.37023162841797,73.6832046508789,73.8167953491211,68.21345520019531,9095802,MRK
2021-04-28,74.05534362792969,74.45610809326172,73.3396987915039,73.55915832519531,67.97537231445312,11628398,MRK
2021-04-29,72.04198455810547,72.27098846435547,69.51335906982422,70.30534362792969,64.96855926513672,30602753,MRK
2021-04-30,70.20992279052734,71.64122009277344,70.114501953125,71.08778381347656,65.69159698486328,18052114,MRK
2021-05-03,70.85877990722656,72.53816986083984,70.82061004638672,72.5,66.99662017822266,12543302,MRK
2021-05-04,72.59542083740234,72.96755981445312,72.07061004638672,72.5095443725586,67.00543212890625,10418587,MRK
2021-05-05,72.614501953125,74.16984558105469,72.27098846435547,74.14122009277344,68.51325225830078,16795143,MRK
2021-05-06,73.89312744140625,74.29389190673828,73.17748260498047,74.21755981445312,68.58379364013672,12871641,MRK
2021-05-07,74.43701934814453,75.0572509765625,74.32251739501953,74.8187026977539,69.13931274414062,12237496,MRK
2021-05-10,75.20992279052734,75.55343627929688,74.58015441894531,74.5896987915039,68.92768096923828,10939758,MRK
2021-05-11,74.26526641845703,75.0572509765625,73.61640930175781,73.91221618652344,68.30162811279297,12148102,MRK
2021-05-12,74.15076446533203,74.9332046508789,73.7595443725586,74.42748260498047,68.77777862548828,13379711,MRK
2021-05-13,74.32251739501953,75.37213897705078,74.08396911621094,75.08587646484375,69.38619232177734,10830451,MRK
2021-05-14,75.43893432617188,75.52481079101562,74.63740539550781,74.7042007446289,69.03350067138672,8273122,MRK
2021-05-17,75.0667953491211,76.49809265136719,74.9904556274414,76.21183013916016,70.42668914794922,12532508,MRK
2021-05-18,75.70610809326172,76.14503479003906,75.27671813964844,75.74427795410156,69.99462127685547,7943106,MRK
2021-05-19,75.31488800048828,75.76335906982422,74.37976837158203,75.72518920898438,69.97698211669922,9132796,MRK
2021-05-20,75.31488800048828,76.32633972167969,75.28626251220703,76.0114517211914,70.24152374267578,7345222,MRK
2021-05-21,76.26908111572266,76.6603012084961,75.45801544189453,75.55343627929688,69.81827545166016,10863987,MRK
2021-05-24,75.88740539550781,76.00190734863281,75.34351348876953,75.4103012084961,69.68599700927734,8737910,MRK
2021-05-25,75.38167572021484,75.62023162841797,73.91221618652344,73.95037841796875,68.3368911743164,14331714,MRK
2021-05-26,73.99809265136719,74.20801544189453,73.44465637207031,73.6927490234375,68.09881591796875,9686454,MRK
2021-05-27,73.95037841796875,74.0457992553711,72.40457916259766,72.4427490234375,66.9437026977539,17675149,MRK
2021-05-28,72.53816986083984,72.90076446533203,72.3282470703125,72.41412353515625,66.91725158691406,13969735,MRK
2021-06-01,72.57633972167969,72.65267181396484,71.59351348876953,71.73664093017578,66.29119873046875,15798914,MRK
2021-06-02,71.86068725585938,72.60496520996094,71.82251739501953,72.39503479003906,66.89961242675781,11830453,MRK
2021-06-03,73.22000122070312,74.0,72.9000015258789,73.91000366210938,68.2995834350586,15974400,MRK
2021-06-04,74.19999694824219,74.4800033569336,73.9000015258789,74.11000061035156,68.4843978881836,12728500,MRK
2021-06-07,74.13999938964844,74.19999694824219,72.77999877929688,72.80000305175781,67.27384948730469,16794400,MRK
2021-06-08,72.94999694824219,73.16999816894531,72.08000183105469,72.4000015258789,66.90420532226562,13657700,MRK
2021-06-09,73.0,74.30000305175781,72.94999694824219,74.04000091552734,68.41970825195312,12258700,MRK
2021-06-10,75.2300033569336,76.47000122070312,74.73999786376953,76.13999938964844,70.36031341552734,17236700,MRK
2021-06-11,76.70999908447266,76.86000061035156,75.61000061035156,76.2699966430664,70.4804458618164,13928400,MRK
2021-06-14,75.73999786376953,75.80000305175781,74.87999725341797,75.44999694824219,70.32198333740234,7841400,MRK
2021-06-15,75.5,75.7699966430664,74.72000122070312,75.69999694824219,70.55500030517578,14185700,MRK
2021-06-16,76.22000122070312,77.55000305175781,76.19000244140625,76.61000061035156,71.40315246582031,17576900,MRK
2021-06-17,76.33999633789062,77.47000122070312,75.98999786376953,77.2300033569336,71.98101806640625,14233200,MRK
2021-06-18,76.73999786376953,77.22000122070312,76.16000366210938,76.61000061035156,71.40315246582031,19351900,MRK
2021-06-21,76.88999938964844,77.29000091552734,76.55000305175781,76.75,71.53363037109375,10880800,MRK
2021-06-22,76.58999633789062,76.73999786376953,76.01000213623047,76.19000244140625,71.0116958618164,10957500,MRK
2021-06-23,75.8499984741211,76.26000213623047,75.55000305175781,75.58000183105469,70.44315338134766,9539100,MRK
2021-06-24,75.7300033569336,76.63999938964844,75.7300033569336,76.36000061035156,71.1701431274414,8601900,MRK
2021-06-25,76.05999755859375,77.97000122070312,76.05000305175781,77.19999694824219,71.95304107666016,50285200,MRK
2021-06-28,77.25,77.73999786376953,76.79000091552734,76.86000061035156,71.63616180419922,8796200,MRK
2021-06-29,77.0,77.33000183105469,76.81999969482422,77.20999908447266,71.96236419677734,7696600,MRK
2021-06-30,77.4000015258789,78.08999633789062,77.2300033569336,77.7699966430664,72.48430633544922,13811900,MRK
2021-07-01,77.6500015258789,78.1500015258789,77.51000213623047,77.98999786376953,72.68936157226562,9212000,MRK
2021-07-02,78.04000091552734,78.7699966430664,77.76000213623047,78.5999984741211,73.25788879394531,7668000,MRK
2021-07-06,78.13999938964844,78.3499984741211,77.55999755859375,78.11000061035156,72.80120849609375,6720500,MRK
2021-07-07,78.41000366210938,78.61000061035156,78.12999725341797,78.55999755859375,73.22061157226562,8275100,MRK
2021-07-08,77.7699966430664,78.30000305175781,77.30999755859375,78.12000274658203,72.810546875,8400400,MRK
2021-07-09,78.41999816894531,78.69000244140625,77.94000244140625,77.98999786376953,72.68936157226562,6006500,MRK
2021-07-12,77.55000305175781,78.43000030517578,77.38999938964844,77.55000305175781,72.27926635742188,11087900,MRK
2021-07-13,77.4000015258789,77.7699966430664,77.23999786376953,77.61000061035156,72.3351821899414,6465800,MRK
2021-07-14,77.5999984741211,77.72000122070312,76.87999725341797,77.62000274658203,72.3445053100586,7163200,MRK
2021-07-15,77.62000274658203,78.04000091552734,77.20999908447266,77.9000015258789,72.60547637939453,7041300,MRK
2021-07-16,78.01000213623047,78.37999725341797,77.62999725341797,78.0199966430664,72.71732330322266,7638200,MRK
2021-07-19,77.80999755859375,78.33999633789062,76.1500015258789,77.05000305175781,71.81324768066406,9830600,MRK
2021-07-20,77.19000244140625,78.12999725341797,75.94999694824219,76.16999816894531,70.99305725097656,11627600,MRK
2021-07-21,76.31999969482422,76.45999908447266,75.63999938964844,76.38999938964844,71.1980972290039,7429300,MRK
2021-07-22,76.5999984741211,76.79000091552734,76.08000183105469,76.52999877929688,71.32859802246094,8708900,MRK
2021-07-23,76.80000305175781,77.68000030517578,76.7300033569336,77.54000091552734,72.26993560791016,6560800,MRK
2021-07-26,77.45999908447266,77.61000061035156,76.95999908447266,77.23999786376953,71.99031829833984,5071800,MRK
2021-07-27,77.16999816894531,78.12999725341797,76.73999786376953,77.8499984741211,72.55887603759766,8136000,MRK
2021-07-28,77.86000061035156,78.66999816894531,77.47000122070312,78.33000183105469,73.00625610351562,11037900,MRK
2021-07-29,77.55000305175781,77.91999816894531,76.80999755859375,76.93000030517578,71.70140838623047,11583000,MRK
2021-07-30,77.12000274658203,77.76000213623047,76.7699966430664,76.87000274658203,71.64547729492188,13004500,MRK
2021-08-02,76.93000030517578,77.26000213623047,76.13999938964844,76.18000030517578,71.00236511230469,9083400,MRK
2021-08-03,76.36000061035156,76.80999755859375,76.19000244140625,76.41000366210938,71.21675109863281,9952400,MRK
2021-08-04,76.48999786376953,76.48999786376953,75.45999908447266,75.4800033569336,70.34994506835938,10893400,MRK
2021-08-05,75.5199966430664,75.69000244140625,74.93000030517578,75.58999633789062,70.45248413085938,8701600,MRK
2021-08-06,75.62000274658203,75.66000366210938,74.98999786376953,75.44000244140625,70.31267547607422,8670700,MRK
2021-08-09,75.8499984741211,76.22000122070312,75.0,75.31999969482422,70.20082092285156,7867000,MRK
2021-08-10,75.1500015258789,75.36000061035156,74.81999969482422,75.19000244140625,70.07967376708984,11243100,MRK
2021-08-11,75.58000183105469,75.7699966430664,75.13999938964844,75.20999908447266,70.09829711914062,6952200,MRK
2021-08-12,75.12000274658203,76.05999755859375,75.05999755859375,76.04000091552734,70.87189483642578,6077100,MRK
2021-08-13,76.36000061035156,76.7699966430664,76.22000122070312,76.72000122070312,71.50568389892578,6810400,MRK
2021-08-16,76.7300033569336,78.01000213623047,76.63999938964844,77.93000030517578,72.63343811035156,9368400,MRK
2021-08-17,77.9000015258789,79.05999755859375,77.83000183105469,78.83000183105469,73.47227478027344,10311600,MRK
2021-08-18,78.87999725341797,79.06999969482422,77.75,77.79000091552734,72.50296020507812,7459100,MRK
2021-08-19,77.70999908447266,79.13999938964844,77.70999908447266,78.45999908447266,73.1274185180664,8865400,MRK
2021-08-20,78.52999877929688,79.19999694824219,78.22000122070312,78.68000030517578,73.33245849609375,6284200,MRK
2021-08-23,79.11000061035156,79.2300033569336,78.33999633789062,78.37999725341797,73.0528564453125,6492600,MRK
2021-08-24,78.2699966430664,78.2699966430664,77.54000091552734,77.72000122070312,72.43771362304688,8698100,MRK
2021-08-25,77.80999755859375,77.80999755859375,76.4000015258789,77.06999969482422,71.8318862915039,7045800,MRK
2021-08-26,77.11000061035156,77.31999969482422,76.51000213623047,76.56999969482422,71.36585998535156,6640400,MRK
2021-08-27,76.80999755859375,76.97000122070312,76.16999816894531,76.30000305175781,71.11422729492188,6010000,MRK
2021-08-30,76.30000305175781,76.83999633789062,76.20999908447266,76.5,71.30062866210938,7339700,MRK
2021-08-31,76.79000091552734,77.0999984741211,76.02999877929688,76.29000091552734,71.10490417480469,10949500,MRK
2021-09-01,76.22000122070312,76.80000305175781,75.83000183105469,76.18000030517578,71.00236511230469,9187200,MRK
2021-09-02,76.4800033569336,77.13999938964844,76.16999816894531,77.12000274658203,71.87850189208984,6559400,MRK
2021-09-03,77.26000213623047,77.37999725341797,76.69000244140625,77.26000213623047,72.00897979736328,6629800,MRK
2021-09-07,76.58999633789062,76.87000274658203,75.16999816894531,75.9800033569336,70.81597900390625,13979500,MRK
2021-09-08,75.97000122070312,75.97000122070312,74.80000305175781,75.36000061035156,70.23811340332031,8243000,MRK
2021-09-09,75.19000244140625,75.19000244140625,73.5999984741211,73.81999969482422,68.80277252197266,14628700,MRK
2021-09-10,73.9800033569336,74.20999908447266,73.12000274658203,73.44999694824219,68.45791625976562,11084500,MRK
2021-09-13,73.7699966430664,73.83000183105469,72.86000061035156,73.18000030517578,68.20626831054688,11245200,MRK
2021-09-14,73.05000305175781,73.13999938964844,72.05999755859375,72.11000061035156,67.81131744384766,15202800,MRK
2021-09-15,72.08000183105469,73.1500015258789,71.87999725341797,72.80999755859375,68.46957397460938,12555900,MRK
2021-09-16,73.0199966430664,73.0199966430664,71.69000244140625,71.97000122070312,67.67965698242188,14818900,MRK
2021-09-17,71.19000244140625,72.0,70.88999938964844,71.68000030517578,67.40695190429688,43406600,MRK
2021-09-20,71.16000366210938,72.61000061035156,71.12000274658203,71.93000030517578,67.64204406738281,15989400,MRK
2021-09-21,72.4800033569336,72.68000030517578,71.7699966430664,71.97000122070312,67.67965698242188,11995900,MRK
2021-09-22,72.33000183105469,72.41000366210938,71.86000061035156,72.04000091552734,67.7454833984375,9028700,MRK
2021-09-23,72.68000030517578,74.04000091552734,72.56999969482422,73.05000305175781,68.69528198242188,12813500,MRK
2021-09-24,73.58999633789062,74.62999725341797,73.3499984741211,73.61000061035156,69.22188568115234,14714700,MRK
2021-09-27,73.51000213623047,74.2699966430664,73.33999633789062,73.36000061035156,68.98680114746094,8630600,MRK
2021-09-28,73.55000305175781,73.81999969482422,72.66000366210938,73.31999969482422,68.94918060302734,11836200,MRK
2021-09-29,73.61000061035156,75.69999694824219,73.58000183105469,75.08999633789062,70.6136703491211,16054500,MRK
2021-09-30,75.58000183105469,76.6500015258789,75.0999984741211,75.11000061035156,70.6324691772461,16248600,MRK
2021-10-01,81.55999755859375,84.33999633789062,80.62999725341797,81.4000015258789,76.5475082397461,102497300,MRK
2021-10-04,84.16999816894531,84.55999755859375,82.41999816894531,83.0999984741211,78.14615631103516,53553300,MRK
2021-10-05,82.77999877929688,83.38999938964844,81.30000305175781,81.5999984741211,76.73558044433594,28977800,MRK
2021-10-06,81.5,81.68000030517578,80.1500015258789,80.66000366210938,75.85162353515625,17608000,MRK
2021-10-07,81.54000091552734,82.66999816894531,81.02999877929688,81.94000244140625,77.0553207397461,14190500,MRK
2021-10-08,81.66999816894531,81.80000305175781,80.52999877929688,80.62999725341797,75.82340240478516,12121100,MRK
2021-10-11,81.63999938964844,81.63999938964844,79.87000274658203,79.93000030517578,75.16515350341797,11279700,MRK
2021-10-12,80.18000030517578,80.18000030517578,79.25,79.58999633789062,74.84539794921875,10945000,MRK
2021-10-13,79.58999633789062,79.66000366210938,78.77999877929688,78.94999694824219,74.24356079101562,9462600,MRK
2021-10-14,78.97000122070312,79.66999816894531,77.9800033569336,78.33000183105469,73.6605224609375,14607900,MRK
2021-10-15,78.19999694824219,79.05999755859375,77.9800033569336,78.33000183105469,73.6605224609375,12866800,MRK
2021-10-18,78.73999786376953,78.73999786376953,77.11000061035156,77.1500015258789,72.55087280273438,13075500,MRK
2021-10-19,78.7300033569336,79.5199966430664,78.11000061035156,79.48999786376953,74.75137329101562,15577100,MRK
2021-10-20,79.31999969482422,81.25,79.30999755859375,81.06999969482422,76.23717498779297,11465500,MRK
2021-10-21,81.11000061035156,81.26000213623047,80.27999877929688,81.16999816894531,76.33122253417969,9893600,MRK
2021-10-22,81.1500015258789,81.4800033569336,80.87999725341797,81.1500015258789,76.31240844726562,7543600,MRK
2021-10-25,81.02999877929688,81.72000122070312,79.94999694824219,81.66000366210938,76.79200744628906,9365900,MRK
2021-10-26,81.9000015258789,82.36000061035156,81.70999908447266,82.25,77.34683990478516,9352500,MRK
2021-10-27,82.4800033569336,82.4800033569336,81.30000305175781,81.54000091552734,76.67916870117188,8465400,MRK
2021-10-28,83.37999725341797,86.86000061035156,83.16999816894531,86.55000305175781,81.3905029296875,28854700,MRK
2021-10-29,86.48999786376953,88.45999908447266,86.16999816894531,88.05000305175781,82.80107879638672,18678600,MRK
2021-11-01,88.05000305175781,88.62999725341797,87.29000091552734,87.83999633789062,82.60359954833984,10943900,MRK
2021-11-02,88.2300033569336,90.41999816894531,87.4800033569336,89.0199966430664,83.71324920654297,14671400,MRK
2021-11-03,88.7699966430664,89.41999816894531,88.20999908447266,88.68000030517578,83.39352416992188,10883900,MRK
2021-11-04,90.37000274658203,91.4000015258789,89.2699966430664,90.54000091552734,85.14263916015625,19519800,MRK
2021-11-05,82.29000091552734,84.0,81.3499984741211,81.61000061035156,76.7449951171875,37623900,MRK
2021-11-08,80.41000366210938,82.87999725341797,79.87999725341797,82.68000030517578,77.75120544433594,18655700,MRK
2021-11-09,83.62000274658203,83.70999908447266,81.91000366210938,82.72000122070312,77.788818359375,10512000,MRK
2021-11-10,83.30999755859375,84.0199966430664,82.69999694824219,84.01000213623047,79.00192260742188,9855900,MRK
2021-11-11,83.91999816894531,84.26000213623047,83.52999877929688,84.0199966430664,79.01132202148438,5761500,MRK
2021-11-12,83.83999633789062,84.19999694824219,83.05000305175781,84.0,78.99251556396484,8206700,MRK
2021-11-15,84.1500015258789,84.18000030517578,83.4000015258789,83.69000244140625,78.70099639892578,7108200,MRK
2021-11-16,83.66999816894531,84.69000244140625,83.25,84.11000061035156,79.09595489501953,10565200,MRK
2021-11-17,84.37000274658203,84.66999816894531,82.58999633789062,82.5999984741211,77.67597198486328,10286300,MRK
2021-11-18,82.30000305175781,83.13999938964844,82.0199966430664,83.05000305175781,78.0991439819336,9833600,MRK
2021-11-19,82.37000274658203,82.75,80.62000274658203,80.69999694824219,75.88923645019531,17581100,MRK
2021-11-22,81.0,82.06999969482422,80.54000091552734,81.63999938964844,76.77320861816406,10880200,MRK
2021-11-23,81.48999786376953,83.58999633789062,81.33999633789062,82.80000305175781,77.86405181884766,12130800,MRK
2021-11-24,82.80000305175781,82.9000015258789,81.95999908447266,82.27999877929688,77.37503814697266,8537000,MRK
2021-11-26,78.7300033569336,79.93000030517578,77.11000061035156,79.16000366210938,74.44104766845703,18022000,MRK
2021-11-29,76.41999816894531,77.5,74.0,74.88999938964844,70.42559051513672,34192400,MRK
2021-11-30,74.75,75.02999877929688,73.83999633789062,74.91000366210938,70.44439697265625,30179900,MRK
2021-12-01,75.52999877929688,76.91000366210938,74.38999938964844,74.44000244140625,70.00242614746094,21435900,MRK
2021-12-02,74.37999725341797,74.77999877929688,73.30000305175781,73.88999938964844,69.48519134521484,15345300,MRK
2021-12-03,74.08999633789062,74.25,72.66000366210938,73.33999633789062,68.96797943115234,14508900,MRK
2021-12-06,73.30000305175781,73.8499984741211,72.80000305175781,73.41999816894531,69.04322052001953,13506800,MRK
2021-12-07,72.02999877929688,72.72000122070312,71.5,72.27999877929688,67.9711685180664,17635100,MRK
2021-12-08,72.54000091552734,73.41000366210938,72.08000183105469,73.20999908447266,68.84574127197266,14331400,MRK
2021-12-09,73.44000244140625,73.55999755859375,72.69000244140625,72.86000061035156,68.51659393310547,11938000,MRK
2021-12-10,73.12000274658203,73.2300033569336,72.25,72.62000274658203,68.29090881347656,11398800,MRK
2021-12-13,72.37000274658203,73.44999694824219,71.97000122070312,73.41999816894531,69.04322052001953,17486100,MRK
2021-12-14,72.36000061035156,74.04000091552734,72.16000366210938,73.72000122070312,69.98303985595703,18949700,MRK
2021-12-15,73.70999908447266,75.38999938964844,73.70999908447266,75.29000091552734,71.47344970703125,14263400,MRK
2021-12-16,75.5,76.52999877929688,75.2699966430664,75.91000366210938,72.06201934814453,16601700,MRK
2021-12-17,76.55999755859375,77.73999786376953,75.5,75.69000244140625,71.8531723022461,28040600,MRK
2021-12-20,75.69999694824219,76.5,74.94999694824219,76.41000366210938,72.53667449951172,11818800,MRK
2021-12-21,76.25,76.27999877929688,74.88999938964844,75.54000091552734,71.71078491210938,14947800,MRK
2021-12-22,75.44000244140625,76.55999755859375,75.12999725341797,76.16000366210938,72.29936218261719,9256000,MRK
2021-12-23,76.30000305175781,76.30000305175781,75.3499984741211,75.7300033569336,71.89115142822266,9894900,MRK
2021-12-27,76.0,76.61000061035156,75.7699966430664,76.56999969482422,72.68856048583984,6334700,MRK
2021-12-28,76.68000030517578,77.13999938964844,76.20999908447266,76.80999755859375,72.91638946533203,5727100,MRK
2021-12-29,76.80000305175781,77.18000030517578,76.47000122070312,76.94999694824219,73.04930114746094,5926100,MRK
2021-12-30,77.12000274658203,77.61000061035156,76.97000122070312,77.13999938964844,73.22967529296875,5859100,MRK
2021-12-31,77.13999938964844,77.55000305175781,76.62000274658203,76.63999938964844,72.75502014160156,6019500,MRK
